Domain Code,Domain,Area Code (M49),Area,Element Code,Element,Item Code (FBS),Item,Year Code,Year,Unit,Value,Flag,Flag Description
"FBS","Food Balances (2010-)","004","Afghanistan","664","Food supply (kcal/capita/day)","S2901","Grand Total","2021","2021","kcal/cap/d","2198","E","Estimated value"
"FBS","Food Balances (2010-)","008","Albania","664","Food supply (kcal/capita/day)","S2901","Grand Total","2021","2021","kcal/cap/d","3399","E","Estimated value"
"FBS","Food Balances (2010-)","012","Algeria","664","Food supply (kcal/capita/day)","S2901","Grand Total","2021","2021","kcal/cap/d","3496","E","Estimated value"
"FBS","Food Balances (2010-)","024","Angola","664","Food supply (kcal/capita/day)","S2901","Grand Total","2021","2021","kcal/cap/d","2389","E","Estimated value"
"FBS","Food Balances (2010-)","028","Antigua and Barbuda","664","Food supply (kcal/capita/day)","S2901","Grand Total","2021","2021","kcal/cap/d","2408","E","Estimated value"
"FBS","Food Balances (2010-)","032","Argentina","664","Food supply (kcal/capita/day)","S2901","Grand Total","2021","2021","kcal/cap/d","3341","E","Estimated value"
"FBS","Food Balances (2010-)","051","Armenia","664","Food supply (kcal/capita/day)","S2901","Grand Total","2021","2021","kcal/cap/d","3217","E","Estimated value"
"FBS","Food Balances (2010-)","036","Australia","664","Food supply (kcal/capita/day)","S2901","Grand Total","2021","2021","kcal/cap/d","3454","E","Estimated value"
"FBS","Food Balances (2010-)","040","Austria","664","Food supply (kcal/capita/day)","S2901","Grand Total","2021","2021","kcal/cap/d","3819","E","Estimated value"
"FBS","Food Balances (2010-)","031","Azerbaijan","664","Food supply (kcal/capita/day)","S2901","Grand Total","2021","2021","kcal/cap/d","3384","E","Estimated value"
"FBS","Food Balances (2010-)","044","Bahamas","664","Food supply (kcal/capita/day)","S2901","Grand Total","2021","2021","kcal/cap/d","2573","E","Estimated value"
"FBS","Food Balances (2010-)","048","Bahrain","664","Food supply (kcal/capita/day)","S2901","Grand Total","2021","2021","kcal/cap/d","3488","E","Estimated value"
"FBS","Food Balances (2010-)","050","Bangladesh","664","Food supply (kcal/capita/day)","S2901","Grand Total","2021","2021","kcal/cap/d","2614","E","Estimated value"
"FBS","Food Balances (2010-)","052","Barbados","664","Food supply (kcal/capita/day)","S2901","Grand Total","2021","2021","kcal/cap/d","3174","E","Estimated value"
"FBS","Food Balances (2010-)","112","Belarus","664","Food supply (kcal/capita/day)","S2901","Grand Total","2021","2021","kcal/cap/d","3320","E","Estimated value"
"FBS","Food Balances (2010-)","056","Belgium","664","Food supply (kcal/capita/day)","S2901","Grand Total","2021","2021","kcal/cap/d","3892","E","Estimated value"
"FBS","Food Balances (2010-)","084","Belize","664","Food supply (kcal/capita/day)","S2901","Grand Total","2021","2021","kcal/cap/d","2849","E","Estimated value"
"FBS","Food Balances (2010-)","204","Benin","664","Food supply (kcal/capita/day)","S2901","Grand Total","2021","2021","kcal/cap/d","2767","E","Estimated value"
"FBS","Food Balances (2010-)","064","Bhutan","664","Food supply (kcal/capita/day)","S2901","Grand Total","2021","2021","kcal/cap/d","3241","E","Estimated value"
"FBS","Food Balances (2010-)","068","Bolivia (Plurinational State of)","664","Food supply (kcal/capita/day)","S2901","Grand Total","2021","2021","kcal/cap/d","2361","E","Estimated value"
"FBS","Food Balances (2010-)","070","Bosnia and Herzegovina","664","Food supply (kcal/capita/day)","S2901","Grand Total","2021","2021","kcal/cap/d","3370","E","Estimated value"
"FBS","Food Balances (2010-)","072","Botswana","664","Food supply (kcal/capita/day)","S2901","Grand Total","2021","2021","kcal/cap/d","2605","E","Estimated value"
"FBS","Food Balances (2010-)","076","Brazil","664","Food supply (kcal/capita/day)","S2901","Grand Total","2021","2021","kcal/cap/d","3299","E","Estimated value"
"FBS","Food Balances (2010-)","100","Bulgaria","664","Food supply (kcal/capita/day)","S2901","Grand Total","2021","2021","kcal/cap/d","2951","E","Estimated value"
"FBS","Food Balances (2010-)","854","Burkina Faso","664","Food supply (kcal/capita/day)","S2901","Grand Total","2021","2021","kcal/cap/d","2663","E","Estimated value"
"FBS","Food Balances (2010-)","108","Burundi","664","Food supply (kcal/capita/day)","S2901","Grand Total","2021","2021","kcal/cap/d","1775","E","Estimated value"
"FBS","Food Balances (2010-)","132","Cabo Verde","664","Food supply (kcal/capita/day)","S2901","Grand Total","2021","2021","kcal/cap/d","2637","E","Estimated value"
"FBS","Food Balances (2010-)","116","Cambodia","664","Food supply (kcal/capita/day)","S2901","Grand Total","2021","2021","kcal/cap/d","2811","E","Estimated value"
"FBS","Food Balances (2010-)","120","Cameroon","664","Food supply (kcal/capita/day)","S2901","Grand Total","2021","2021","kcal/cap/d","2807","E","Estimated value"
"FBS","Food Balances (2010-)","124","Canada","664","Food supply (kcal/capita/day)","S2901","Grand Total","2021","2021","kcal/cap/d","3589","E","Estimated value"
"FBS","Food Balances (2010-)","140","Central African Republic","664","Food supply (kcal/capita/day)","S2901","Grand Total","2021","2021","kcal/cap/d","1785","E","Estimated value"
"FBS","Food Balances (2010-)","148","Chad","664","Food supply (kcal/capita/day)","S2901","Grand Total","2021","2021","kcal/cap/d","2203","E","Estimated value"
"FBS","Food Balances (2010-)","152","Chile","664","Food supply (kcal/capita/day)","S2901","Grand Total","2021","2021","kcal/cap/d","3128","E","Estimated value"
"FBS","Food Balances (2010-)","159","China","664","Food supply (kcal/capita/day)","S2901","Grand Total","2021","2021","kcal/cap/d","3396","E","Estimated value"
"FBS","Food Balances (2010-)","344","China, Hong Kong SAR","664","Food supply (kcal/capita/day)","S2901","Grand Total","2021","2021","kcal/cap/d","3050","E","Estimated value"
"FBS","Food Balances (2010-)","446","China, Macao SAR","664","Food supply (kcal/capita/day)","S2901","Grand Total","2021","2021","kcal/cap/d","2924","E","Estimated value"
"FBS","Food Balances (2010-)","156","China, mainland","664","Food supply (kcal/capita/day)","S2901","Grand Total","2021","2021","kcal/cap/d","3406","E","Estimated value"
"FBS","Food Balances (2010-)","158","China, Taiwan Province of","664","Food supply (kcal/capita/day)","S2901","Grand Total","2021","2021","kcal/cap/d","2961","E","Estimated value"
"FBS","Food Balances (2010-)","170","Colombia","664","Food supply (kcal/capita/day)","S2901","Grand Total","2021","2021","kcal/cap/d","3091","E","Estimated value"
"FBS","Food Balances (2010-)","174","Comoros","664","Food supply (kcal/capita/day)","S2901","Grand Total","2021","2021","kcal/cap/d","2467","E","Estimated value"
"FBS","Food Balances (2010-)","178","Congo","664","Food supply (kcal/capita/day)","S2901","Grand Total","2021","2021","kcal/cap/d","2194","E","Estimated value"
"FBS","Food Balances (2010-)","188","Costa Rica","664","Food supply (kcal/capita/day)","S2901","Grand Total","2021","2021","kcal/cap/d","2989","E","Estimated value"
"FBS","Food Balances (2010-)","384","Côte d'Ivoire","664","Food supply (kcal/capita/day)","S2901","Grand Total","2021","2021","kcal/cap/d","2919","E","Estimated value"
"FBS","Food Balances (2010-)","191","Croatia","664","Food supply (kcal/capita/day)","S2901","Grand Total","2021","2021","kcal/cap/d","3259","E","Estimated value"
"FBS","Food Balances (2010-)","192","Cuba","664","Food supply (kcal/capita/day)","S2901","Grand Total","2021","2021","kcal/cap/d","3417","E","Estimated value"
"FBS","Food Balances (2010-)","196","Cyprus","664","Food supply (kcal/capita/day)","S2901","Grand Total","2021","2021","kcal/cap/d","3043","E","Estimated value"
"FBS","Food Balances (2010-)","203","Czechia","664","Food supply (kcal/capita/day)","S2901","Grand Total","2021","2021","kcal/cap/d","3404","E","Estimated value"
"FBS","Food Balances (2010-)","408","Democratic People's Republic of Korea","664","Food supply (kcal/capita/day)","S2901","Grand Total","2021","2021","kcal/cap/d","1982","E","Estimated value"
"FBS","Food Balances (2010-)","180","Democratic Republic of the Congo","664","Food supply (kcal/capita/day)","S2901","Grand Total","2021","2021","kcal/cap/d","2096","E","Estimated value"
"FBS","Food Balances (2010-)","208","Denmark","664","Food supply (kcal/capita/day)","S2901","Grand Total","2021","2021","kcal/cap/d","3584","E","Estimated value"
"FBS","Food Balances (2010-)","262","Djibouti","664","Food supply (kcal/capita/day)","S2901","Grand Total","2021","2021","kcal/cap/d","2814","E","Estimated value"
"FBS","Food Balances (2010-)","212","Dominica","664","Food supply (kcal/capita/day)","S2901","Grand Total","2021","2021","kcal/cap/d","2983","E","Estimated value"
"FBS","Food Balances (2010-)","214","Dominican Republic","664","Food supply (kcal/capita/day)","S2901","Grand Total","2021","2021","kcal/cap/d","3107","E","Estimated value"
"FBS","Food Balances (2010-)","218","Ecuador","664","Food supply (kcal/capita/day)","S2901","Grand Total","2021","2021","kcal/cap/d","2582","E","Estimated value"
"FBS","Food Balances (2010-)","818","Egypt","664","Food supply (kcal/capita/day)","S2901","Grand Total","2021","2021","kcal/cap/d","3127","E","Estimated value"
"FBS","Food Balances (2010-)","222","El Salvador","664","Food supply (kcal/capita/day)","S2901","Grand Total","2021","2021","kcal/cap/d","2791","E","Estimated value"
"FBS","Food Balances (2010-)","233","Estonia","664","Food supply (kcal/capita/day)","S2901","Grand Total","2021","2021","kcal/cap/d","3289","E","Estimated value"
"FBS","Food Balances (2010-)","748","Eswatini","664","Food supply (kcal/capita/day)","S2901","Grand Total","2021","2021","kcal/cap/d","2549","E","Estimated value"
"FBS","Food Balances (2010-)","231","Ethiopia","664","Food supply (kcal/capita/day)","S2901","Grand Total","2021","2021","kcal/cap/d","2470","E","Estimated value"
"FBS","Food Balances (2010-)","242","Fiji","664","Food supply (kcal/capita/day)","S2901","Grand Total","2021","2021","kcal/cap/d","2876","E","Estimated value"
"FBS","Food Balances (2010-)","246","Finland","664","Food supply (kcal/capita/day)","S2901","Grand Total","2021","2021","kcal/cap/d","3319","E","Estimated value"
"FBS","Food Balances (2010-)","250","France","664","Food supply (kcal/capita/day)","S2901","Grand Total","2021","2021","kcal/cap/d","3604","E","Estimated value"
"FBS","Food Balances (2010-)","258","French Polynesia","664","Food supply (kcal/capita/day)","S2901","Grand Total","2021","2021","kcal/cap/d","2858","E","Estimated value"
"FBS","Food Balances (2010-)","266","Gabon","664","Food supply (kcal/capita/day)","S2901","Grand Total","2021","2021","kcal/cap/d","2595","E","Estimated value"
"FBS","Food Balances (2010-)","270","Gambia","664","Food supply (kcal/capita/day)","S2901","Grand Total","2021","2021","kcal/cap/d","2433","E","Estimated value"
"FBS","Food Balances (2010-)","268","Georgia","664","Food supply (kcal/capita/day)","S2901","Grand Total","2021","2021","kcal/cap/d","3054","E","Estimated value"
"FBS","Food Balances (2010-)","276","Germany","664","Food supply (kcal/capita/day)","S2901","Grand Total","2021","2021","kcal/cap/d","3634","E","Estimated value"
"FBS","Food Balances (2010-)","288","Ghana","664","Food supply (kcal/capita/day)","S2901","Grand Total","2021","2021","kcal/cap/d","3079","E","Estimated value"
"FBS","Food Balances (2010-)","300","Greece","664","Food supply (kcal/capita/day)","S2901","Grand Total","2021","2021","kcal/cap/d","3350","E","Estimated value"
"FBS","Food Balances (2010-)","308","Grenada","664","Food supply (kcal/capita/day)","S2901","Grand Total","2021","2021","kcal/cap/d","2609","E","Estimated value"
"FBS","Food Balances (2010-)","320","Guatemala","664","Food supply (kcal/capita/day)","S2901","Grand Total","2021","2021","kcal/cap/d","2757","E","Estimated value"
"FBS","Food Balances (2010-)","324","Guinea","664","Food supply (kcal/capita/day)","S2901","Grand Total","2021","2021","kcal/cap/d","2902","E","Estimated value"
"FBS","Food Balances (2010-)","624","Guinea-Bissau","664","Food supply (kcal/capita/day)","S2901","Grand Total","2021","2021","kcal/cap/d","2167","E","Estimated value"
"FBS","Food Balances (2010-)","328","Guyana","664","Food supply (kcal/capita/day)","S2901","Grand Total","2021","2021","kcal/cap/d","3194","E","Estimated value"
"FBS","Food Balances (2010-)","332","Haiti","664","Food supply (kcal/capita/day)","S2901","Grand Total","2021","2021","kcal/cap/d","2076","E","Estimated value"
"FBS","Food Balances (2010-)","340","Honduras","664","Food supply (kcal/capita/day)","S2901","Grand Total","2021","2021","kcal/cap/d","2667","E","Estimated value"
"FBS","Food Balances (2010-)","348","Hungary","664","Food supply (kcal/capita/day)","S2901","Grand Total","2021","2021","kcal/cap/d","3421","E","Estimated value"
"FBS","Food Balances (2010-)","352","Iceland","664","Food supply (kcal/capita/day)","S2901","Grand Total","2021","2021","kcal/cap/d","3612","E","Estimated value"
"FBS","Food Balances (2010-)","356","India","664","Food supply (kcal/capita/day)","S2901","Grand Total","2021","2021","kcal/cap/d","2569","E","Estimated value"
"FBS","Food Balances (2010-)","360","Indonesia","664","Food supply (kcal/capita/day)","S2901","Grand Total","2021","2021","kcal/cap/d","2916","E","Estimated value"
"FBS","Food Balances (2010-)","364","Iran (Islamic Republic of)","664","Food supply (kcal/capita/day)","S2901","Grand Total","2021","2021","kcal/cap/d","2895","E","Estimated value"
"FBS","Food Balances (2010-)","368","Iraq","664","Food supply (kcal/capita/day)","S2901","Grand Total","2021","2021","kcal/cap/d","2687","E","Estimated value"
"FBS","Food Balances (2010-)","372","Ireland","664","Food supply (kcal/capita/day)","S2901","Grand Total","2021","2021","kcal/cap/d","3861","E","Estimated value"
"FBS","Food Balances (2010-)","376","Israel","664","Food supply (kcal/capita/day)","S2901","Grand Total","2021","2021","kcal/cap/d","3701","E","Estimated value"
"FBS","Food Balances (2010-)","380","Italy","664","Food supply (kcal/capita/day)","S2901","Grand Total","2021","2021","kcal/cap/d","3733","E","Estimated value"
"FBS","Food Balances (2010-)","388","Jamaica","664","Food supply (kcal/capita/day)","S2901","Grand Total","2021","2021","kcal/cap/d","2882","E","Estimated value"
"FBS","Food Balances (2010-)","392","Japan","664","Food supply (kcal/capita/day)","S2901","Grand Total","2021","2021","kcal/cap/d","2659","E","Estimated value"
"FBS","Food Balances (2010-)","400","Jordan","664","Food supply (kcal/capita/day)","S2901","Grand Total","2021","2021","kcal/cap/d","2151","E","Estimated value"
"FBS","Food Balances (2010-)","398","Kazakhstan","664","Food supply (kcal/capita/day)","S2901","Grand Total","2021","2021","kcal/cap/d","3366","E","Estimated value"
"FBS","Food Balances (2010-)","404","Kenya","664","Food supply (kcal/capita/day)","S2901","Grand Total","2021","2021","kcal/cap/d","2218","E","Estimated value"
"FBS","Food Balances (2010-)","296","Kiribati","664","Food supply (kcal/capita/day)","S2901","Grand Total","2021","2021","kcal/cap/d","3097","E","Estimated value"
"FBS","Food Balances (2010-)","414","Kuwait","664","Food supply (kcal/capita/day)","S2901","Grand Total","2021","2021","kcal/cap/d","3496","E","Estimated value"
"FBS","Food Balances (2010-)","417","Kyrgyzstan","664","Food supply (kcal/capita/day)","S2901","Grand Total","2021","2021","kcal/cap/d","2695","E","Estimated value"
"FBS","Food Balances (2010-)","418","Lao People's Democratic Republic","664","Food supply (kcal/capita/day)","S2901","Grand Total","2021","2021","kcal/cap/d","2718","E","Estimated value"
"FBS","Food Balances (2010-)","428","Latvia","664","Food supply (kcal/capita/day)","S2901","Grand Total","2021","2021","kcal/cap/d","3280","E","Estimated value"
"FBS","Food Balances (2010-)","422","Lebanon","664","Food supply (kcal/capita/day)","S2901","Grand Total","2021","2021","kcal/cap/d","2893","E","Estimated value"
"FBS","Food Balances (2010-)","426","Lesotho","664","Food supply (kcal/capita/day)","S2901","Grand Total","2021","2021","kcal/cap/d","2035","E","Estimated value"
"FBS","Food Balances (2010-)","430","Liberia","664","Food supply (kcal/capita/day)","S2901","Grand Total","2021","2021","kcal/cap/d","2097","E","Estimated value"
"FBS","Food Balances (2010-)","434","Libya","664","Food supply (kcal/capita/day)","S2901","Grand Total","2021","2021","kcal/cap/d","3178","E","Estimated value"
"FBS","Food Balances (2010-)","440","Lithuania","664","Food supply (kcal/capita/day)","S2901","Grand Total","2021","2021","kcal/cap/d","3355","E","Estimated value"
"FBS","Food Balances (2010-)","442","Luxembourg","664","Food supply (kcal/capita/day)","S2901","Grand Total","2021","2021","kcal/cap/d","3471","E","Estimated value"
"FBS","Food Balances (2010-)","450","Madagascar","664","Food supply (kcal/capita/day)","S2901","Grand Total","2021","2021","kcal/cap/d","1979","E","Estimated value"
"FBS","Food Balances (2010-)","454","Malawi","664","Food supply (kcal/capita/day)","S2901","Grand Total","2021","2021","kcal/cap/d","2633","E","Estimated value"
"FBS","Food Balances (2010-)","458","Malaysia","664","Food supply (kcal/capita/day)","S2901","Grand Total","2021","2021","kcal/cap/d","2962","E","Estimated value"
"FBS","Food Balances (2010-)","462","Maldives","664","Food supply (kcal/capita/day)","S2901","Grand Total","2021","2021","kcal/cap/d","2588","E","Estimated value"
"FBS","Food Balances (2010-)","466","Mali","664","Food supply (kcal/capita/day)","S2901","Grand Total","2021","2021","kcal/cap/d","2734","E","Estimated value"
"FBS","Food Balances (2010-)","470","Malta","664","Food supply (kcal/capita/day)","S2901","Grand Total","2021","2021","kcal/cap/d","3334","E","Estimated value"
"FBS","Food Balances (2010-)","478","Mauritania","664","Food supply (kcal/capita/day)","S2901","Grand Total","2021","2021","kcal/cap/d","2971","E","Estimated value"
"FBS","Food Balances (2010-)","480","Mauritius","664","Food supply (kcal/capita/day)","S2901","Grand Total","2021","2021","kcal/cap/d","3063","E","Estimated value"
"FBS","Food Balances (2010-)","484","Mexico","664","Food supply (kcal/capita/day)","S2901","Grand Total","2021","2021","kcal/cap/d","3278","E","Estimated value"
"FBS","Food Balances (2010-)","583","Micronesia (Federated States of)","664","Food supply (kcal/capita/day)","S2901","Grand Total","2021","2021","kcal/cap/d","2754","E","Estimated value"
"FBS","Food Balances (2010-)","496","Mongolia","664","Food supply (kcal/capita/day)","S2901","Grand Total","2021","2021","kcal/cap/d","3052","E","Estimated value"
"FBS","Food Balances (2010-)","499","Montenegro","664","Food supply (kcal/capita/day)","S2901","Grand Total","2021","2021","kcal/cap/d","3556","E","Estimated value"
"FBS","Food Balances (2010-)","504","Morocco","664","Food supply (kcal/capita/day)","S2901","Grand Total","2021","2021","kcal/cap/d","3382","E","Estimated value"
"FBS","Food Balances (2010-)","508","Mozambique","664","Food supply (kcal/capita/day)","S2901","Grand Total","2021","2021","kcal/cap/d","2170","E","Estimated value"
"FBS","Food Balances (2010-)","104","Myanmar","664","Food supply (kcal/capita/day)","S2901","Grand Total","2021","2021","kcal/cap/d","2818","E","Estimated value"
"FBS","Food Balances (2010-)","516","Namibia","664","Food supply (kcal/capita/day)","S2901","Grand Total","2021","2021","kcal/cap/d","2564","E","Estimated value"
"FBS","Food Balances (2010-)","520","Nauru","664","Food supply (kcal/capita/day)","S2901","Grand Total","2021","2021","kcal/cap/d","3034","E","Estimated value"
"FBS","Food Balances (2010-)","524","Nepal","664","Food supply (kcal/capita/day)","S2901","Grand Total","2021","2021","kcal/cap/d","2945","E","Estimated value"
"FBS","Food Balances (2010-)","528","Netherlands (Kingdom of the)","664","Food supply (kcal/capita/day)","S2901","Grand Total","2021","2021","kcal/cap/d","3464","E","Estimated value"
"FBS","Food Balances (2010-)","540","New Caledonia","664","Food supply (kcal/capita/day)","S2901","Grand Total","2021","2021","kcal/cap/d","2940","E","Estimated value"
"FBS","Food Balances (2010-)","554","New Zealand","664","Food supply (kcal/capita/day)","S2901","Grand Total","2021","2021","kcal/cap/d","3128","E","Estimated value"
"FBS","Food Balances (2010-)","558","Nicaragua","664","Food supply (kcal/capita/day)","S2901","Grand Total","2021","2021","kcal/cap/d","2654","E","Estimated value"
"FBS","Food Balances (2010-)","562","Niger","664","Food supply (kcal/capita/day)","S2901","Grand Total","2021","2021","kcal/cap/d","2538","E","Estimated value"
"FBS","Food Balances (2010-)","566","Nigeria","664","Food supply (kcal/capita/day)","S2901","Grand Total","2021","2021","kcal/cap/d","2503","E","Estimated value"
"FBS","Food Balances (2010-)","807","North Macedonia","664","Food supply (kcal/capita/day)","S2901","Grand Total","2021","2021","kcal/cap/d","3164","E","Estimated value"
"FBS","Food Balances (2010-)","578","Norway","664","Food supply (kcal/capita/day)","S2901","Grand Total","2021","2021","kcal/cap/d","3509","E","Estimated value"
"FBS","Food Balances (2010-)","512","Oman","664","Food supply (kcal/capita/day)","S2901","Grand Total","2021","2021","kcal/cap/d","3046","E","Estimated value"
"FBS","Food Balances (2010-)","586","Pakistan","664","Food supply (kcal/capita/day)","S2901","Grand Total","2021","2021","kcal/cap/d","2485","E","Estimated value"
"FBS","Food Balances (2010-)","591","Panama","664","Food supply (kcal/capita/day)","S2901","Grand Total","2021","2021","kcal/cap/d","3036","E","Estimated value"
"FBS","Food Balances (2010-)","598","Papua New Guinea","664","Food supply (kcal/capita/day)","S2901","Grand Total","2021","2021","kcal/cap/d","2204","E","Estimated value"
"FBS","Food Balances (2010-)","600","Paraguay","664","Food supply (kcal/capita/day)","S2901","Grand Total","2021","2021","kcal/cap/d","3125","E","Estimated value"
"FBS","Food Balances (2010-)","604","Peru","664","Food supply (kcal/capita/day)","S2901","Grand Total","2021","2021","kcal/cap/d","2797","E","Estimated value"
"FBS","Food Balances (2010-)","608","Philippines","664","Food supply (kcal/capita/day)","S2901","Grand Total","2021","2021","kcal/cap/d","2833","E","Estimated value"
"FBS","Food Balances (2010-)","616","Poland","664","Food supply (kcal/capita/day)","S2901","Grand Total","2021","2021","kcal/cap/d","3554","E","Estimated value"
"FBS","Food Balances (2010-)","620","Portugal","664","Food supply (kcal/capita/day)","S2901","Grand Total","2021","2021","kcal/cap/d","3526","E","Estimated value"
"FBS","Food Balances (2010-)","634","Qatar","664","Food supply (kcal/capita/day)","S2901","Grand Total","2021","2021","kcal/cap/d","3496","E","Estimated value"
"FBS","Food Balances (2010-)","410","Republic of Korea","664","Food supply (kcal/capita/day)","S2901","Grand Total","2021","2021","kcal/cap/d","3398","E","Estimated value"
"FBS","Food Balances (2010-)","498","Republic of Moldova","664","Food supply (kcal/capita/day)","S2901","Grand Total","2021","2021","kcal/cap/d","3027","E","Estimated value"
"FBS","Food Balances (2010-)","642","Romania","664","Food supply (kcal/capita/day)","S2901","Grand Total","2021","2021","kcal/cap/d","3665","E","Estimated value"
"FBS","Food Balances (2010-)","643","Russian Federation","664","Food supply (kcal/capita/day)","S2901","Grand Total","2021","2021","kcal/cap/d","3382","E","Estimated value"
"FBS","Food Balances (2010-)","646","Rwanda","664","Food supply (kcal/capita/day)","S2901","Grand Total","2021","2021","kcal/cap/d","2268","E","Estimated value"
"FBS","Food Balances (2010-)","659","Saint Kitts and Nevis","664","Food supply (kcal/capita/day)","S2901","Grand Total","2021","2021","kcal/cap/d","2868","E","Estimated value"
"FBS","Food Balances (2010-)","662","Saint Lucia","664","Food supply (kcal/capita/day)","S2901","Grand Total","2021","2021","kcal/cap/d","2649","E","Estimated value"
"FBS","Food Balances (2010-)","670","Saint Vincent and the Grenadines","664","Food supply (kcal/capita/day)","S2901","Grand Total","2021","2021","kcal/cap/d","2951","E","Estimated value"
"FBS","Food Balances (2010-)","882","Samoa","664","Food supply (kcal/capita/day)","S2901","Grand Total","2021","2021","kcal/cap/d","3070","E","Estimated value"
"FBS","Food Balances (2010-)","678","Sao Tome and Principe","664","Food supply (kcal/capita/day)","S2901","Grand Total","2021","2021","kcal/cap/d","2463","E","Estimated value"
"FBS","Food Balances (2010-)","682","Saudi Arabia","664","Food supply (kcal/capita/day)","S2901","Grand Total","2021","2021","kcal/cap/d","3250","E","Estimated value"
"FBS","Food Balances (2010-)","686","Senegal","664","Food supply (kcal/capita/day)","S2901","Grand Total","2021","2021","kcal/cap/d","2793","E","Estimated value"
"FBS","Food Balances (2010-)","688","Serbia","664","Food supply (kcal/capita/day)","S2901","Grand Total","2021","2021","kcal/cap/d","3579","E","Estimated value"
"FBS","Food Balances (2010-)","690","Seychelles","664","Food supply (kcal/capita/day)","S2901","Grand Total","2021","2021","kcal/cap/d","3187","E","Estimated value"
"FBS","Food Balances (2010-)","694","Sierra Leone","664","Food supply (kcal/capita/day)","S2901","Grand Total","2021","2021","kcal/cap/d","2336","E","Estimated value"
"FBS","Food Balances (2010-)","703","Slovakia","664","Food supply (kcal/capita/day)","S2901","Grand Total","2021","2021","kcal/cap/d","2974","E","Estimated value"
"FBS","Food Balances (2010-)","705","Slovenia","664","Food supply (kcal/capita/day)","S2901","Grand Total","2021","2021","kcal/cap/d","3096","E","Estimated value"
"FBS","Food Balances (2010-)","090","Solomon Islands","664","Food supply (kcal/capita/day)","S2901","Grand Total","2021","2021","kcal/cap/d","2346","E","Estimated value"
"FBS","Food Balances (2010-)","710","South Africa","664","Food supply (kcal/capita/day)","S2901","Grand Total","2021","2021","kcal/cap/d","2776","E","Estimated value"
"FBS","Food Balances (2010-)","728","South Sudan","664","Food supply (kcal/capita/day)","S2901","Grand Total","2021","2021","kcal/cap/d","2414","E","Estimated value"
"FBS","Food Balances (2010-)","724","Spain","664","Food supply (kcal/capita/day)","S2901","Grand Total","2021","2021","kcal/cap/d","3390","E","Estimated value"
"FBS","Food Balances (2010-)","144","Sri Lanka","664","Food supply (kcal/capita/day)","S2901","Grand Total","2021","2021","kcal/cap/d","2860","E","Estimated value"
"FBS","Food Balances (2010-)","729","Sudan","664","Food supply (kcal/capita/day)","S2901","Grand Total","2021","2021","kcal/cap/d","2622","E","Estimated value"
"FBS","Food Balances (2010-)","740","Suriname","664","Food supply (kcal/capita/day)","S2901","Grand Total","2021","2021","kcal/cap/d","2634","E","Estimated value"
"FBS","Food Balances (2010-)","752","Sweden","664","Food supply (kcal/capita/day)","S2901","Grand Total","2021","2021","kcal/cap/d","3268","E","Estimated value"
"FBS","Food Balances (2010-)","756","Switzerland","664","Food supply (kcal/capita/day)","S2901","Grand Total","2021","2021","kcal/cap/d","3402","E","Estimated value"
"FBS","Food Balances (2010-)","760","Syrian Arab Republic","664","Food supply (kcal/capita/day)","S2901","Grand Total","2021","2021","kcal/cap/d","2463","E","Estimated value"
"FBS","Food Balances (2010-)","762","Tajikistan","664","Food supply (kcal/capita/day)","S2901","Grand Total","2021","2021","kcal/cap/d","2770","E","Estimated value"
"FBS","Food Balances (2010-)","764","Thailand","664","Food supply (kcal/capita/day)","S2901","Grand Total","2021","2021","kcal/cap/d","2856","E","Estimated value"
"FBS","Food Balances (2010-)","626","Timor-Leste","664","Food supply (kcal/capita/day)","S2901","Grand Total","2021","2021","kcal/cap/d","2195","E","Estimated value"
"FBS","Food Balances (2010-)","768","Togo","664","Food supply (kcal/capita/day)","S2901","Grand Total","2021","2021","kcal/cap/d","2533","E","Estimated value"
"FBS","Food Balances (2010-)","780","Trinidad and Tobago","664","Food supply (kcal/capita/day)","S2901","Grand Total","2021","2021","kcal/cap/d","2938","E","Estimated value"
"FBS","Food Balances (2010-)","788","Tunisia","664","Food supply (kcal/capita/day)","S2901","Grand Total","2021","2021","kcal/cap/d","3471","E","Estimated value"
"FBS","Food Balances (2010-)","792","Türkiye","664","Food supply (kcal/capita/day)","S2901","Grand Total","2021","2021","kcal/cap/d","3825","E","Estimated value"
"FBS","Food Balances (2010-)","795","Turkmenistan","664","Food supply (kcal/capita/day)","S2901","Grand Total","2021","2021","kcal/cap/d","2847","E","Estimated value"
"FBS","Food Balances (2010-)","800","Uganda","664","Food supply (kcal/capita/day)","S2901","Grand Total","2021","2021","kcal/cap/d","2123","E","Estimated value"
"FBS","Food Balances (2010-)","804","Ukraine","664","Food supply (kcal/capita/day)","S2901","Grand Total","2021","2021","kcal/cap/d","2938","E","Estimated value"
"FBS","Food Balances (2010-)","784","United Arab Emirates","664","Food supply (kcal/capita/day)","S2901","Grand Total","2021","2021","kcal/cap/d","3306","E","Estimated value"
"FBS","Food Balances (2010-)","826","United Kingdom of Great Britain and Northern Ireland","664","Food supply (kcal/capita/day)","S2901","Grand Total","2021","2021","kcal/cap/d","3362","E","Estimated value"
"FBS","Food Balances (2010-)","834","United Republic of Tanzania","664","Food supply (kcal/capita/day)","S2901","Grand Total","2021","2021","kcal/cap/d","2380","E","Estimated value"
"FBS","Food Balances (2010-)","840","United States of America","664","Food supply (kcal/capita/day)","S2901","Grand Total","2021","2021","kcal/cap/d","3911","E","Estimated value"
"FBS","Food Balances (2010-)","858","Uruguay","664","Food supply (kcal/capita/day)","S2901","Grand Total","2021","2021","kcal/cap/d","3283","E","Estimated value"
"FBS","Food Balances (2010-)","860","Uzbekistan","664","Food supply (kcal/capita/day)","S2901","Grand Total","2021","2021","kcal/cap/d","3267","E","Estimated value"
"FBS","Food Balances (2010-)","548","Vanuatu","664","Food supply (kcal/capita/day)","S2901","Grand Total","2021","2021","kcal/cap/d","2819","E","Estimated value"
"FBS","Food Balances (2010-)","862","Venezuela (Bolivarian Republic of)","664","Food supply (kcal/capita/day)","S2901","Grand Total","2021","2021","kcal/cap/d","2310","E","Estimated value"
"FBS","Food Balances (2010-)","704","Viet Nam","664","Food supply (kcal/capita/day)","S2901","Grand Total","2021","2021","kcal/cap/d","3048","E","Estimated value"
"FBS","Food Balances (2010-)","887","Yemen","664","Food supply (kcal/capita/day)","S2901","Grand Total","2021","2021","kcal/cap/d","2173","E","Estimated value"
"FBS","Food Balances (2010-)","894","Zambia","664","Food supply (kcal/capita/day)","S2901","Grand Total","2021","2021","kcal/cap/d","2220","E","Estimated value"
"FBS","Food Balances (2010-)","716","Zimbabwe","664","Food supply (kcal/capita/day)","S2901","Grand Total","2021","2021","kcal/cap/d","2049","E","Estimated value"
